title,user,fase,category,author,year,tutor,context,detail,excerpt,content,pic,serie
Pincoya,brigadistas,"preparación, emergencia",a1 a2,"Jacinta San Martin, Maria Eliana Infante, Rosario Vargas, Francisca Brito",2018,"Alejandro Durán, Tomás Velásquez , María Paz Días, Rodrigo Ramirez",Ejercicio de Pregrado,Taller IV,"Lorem ipsum dolor sit amet, consectetur adipiscing elit. Pellentesque luctus dictum laoreet. Praesent vitae sapien vitae tortor gravida aliquet vitae vel diam.","<p>Lorem ipsum dolor sit amet, consectetur adipiscing elit. Pellentesque luctus dictum laoreet. Praesent vitae sapien vitae tortor gravida aliquet vitae vel diam. Ut varius tortor a libero pharetra ultrices. Interdum et malesuada fames ac ante ipsum primis in faucibus. Cras at justo quis tortor dignissim feugiat non sed augue. Quisque vel lorem consequat est commodo venenatis. Phasellus suscipit elit sapien. Curabitur vitae ultricies elit, eget varius orci. Morbi volutpat, risus in scelerisque porta, metus augue blandit dolor, vel molestie velit est vel risus.</p><p>Donec aliquam malesuada velit. Nam aliquet accumsan orci, eu ultricies dui facilisis feugiat. Vestibulum cursus hendrerit justo, eu viverra purus vehicula in. In hac habitasse platea dictumst. Donec interdum malesuada dolor vel euismod. Duis pellentesque turpis id bibendum tempor. Suspendisse purus erat, ullamcorper vel fringilla quis, dignissim vel turpis. Aenean consectetur sollicitudin erat, eget condimentum eros dignissim quis. Proin a iaculis velit. Nulla maximus elit sed leo posuere laoreet. Sed tincidunt congue turpis nec efficitur. Vestibulum non tristique diam. Fusce mi neque, dapibus a cursus eget, fringilla a nulla.</p>",pincoya.jpg,
Guemil,"familias, turistas, vecinos, voluntarios","preparación, emergencia, mitigación",a2 a4 c1 c2 c4 t1 t2 t4 i1 i2 i4 j1 j2 j4,Rodrigo Ramírez,2016,,Investigación aplicada,,"Guemil es una herramienta visual con proyección internacional, que dispone de un set abierto de símbolos, para representar diversos contextos y necesidades de información antes → durante → después de una situación de amenza, emergencia o desastre.","<p>Guemil es una iniciativa de iconos de código abierto (Open Source), orientada a representar situaciones de riesgo y emergencia que permite disponer de un set de símbolos, para visualizar diversas necesidades de información: antes > durante > después de una situación de amenaza, emergencia o desastre.</p><p>Guemil ha sido diseñado para un escenario de colaboración internacional, donde quienes lo requieran (organizaciones, comunidades o equipos de comunicación) puedan descargarla y aplicarla según las necesidades y significados locales. Los símbolos han sido ‘empaquetados’ en una fuente tipográfica, y se dispone en un sitio web para su acceso y descarga.</p><p>La iniciativa busca explorar colaboración y validarse como herramienta visual en un contexto inter–cultural. En este sentido, el Instituto Internacional del Diseño de Información (IIID), ha patrocinado Guemil para el desarrollo de experiencias de testeo global, y hoy es también parte del Design Network for Emergency Planning, grupo global e interdisciplinario de investigación y desarrollo.</p><p>Guemil se puede descargar en <a href=""http://www.guemil.info/"">guemil.info</a>. También acceder a la documentación y archivos en GitHub: <a href=""https://github.com/Guemil"">https://github.com/Guemil</a></p>",guemil.svg,
Nuestro Punto Seguro,"familias, turistas, vecinos, voluntarios","preparación, emergencia, mitigación",a2 a4 c1 c2 c4 t1 t2 t4 i1 i2 i4 j1 j2 j5,Josefina Andrade,2014,Sergio Ramírez,Proyecto de Título,,"El diseño y formulación de este proyecto se desarrolló a partir de la idea de ""lección aprendida"". Concepto que alude a que la comunidad, una vez experimentada una situación de catástrofe, interioriza la situación vivida.","<p>Frente a la notoria falta de preparación e integración de las comunidades que viven en sectores costeros de riesgo de tsunami en los planes de evacuación, se desarrolló “Nuestro Punto Seguro” de identificación de zonas seguras para mejorar la evacuación durante un terremoto y antes de un tsunami. El proyecto consiste en un kit-instructivo de identificación de zonas de evacuación de la comunidad civil que vive en áreas de riesgo y debe evacuar.</p><p>El diseño y formulación de este proyecto se desarrolló a partir de la idea de “lección aprendida”. Este concepto alude a que la comunidad, una vez experimentada una situación de catástrofe, interioriza la situación vivida, pero requiere de un entrenamiento para no responder con un ataque o huida. Así, es como se debe trabajar cada etapa del manejo del riesgo, que incluye las 4 etapas de reacción social, expresadas en forma cíclica: mitigación, prevención, respuesta y recuperación, debido a la interrelación entre ellas.</p><p>Este kit consta de 6 piezas gráficas. Un manual de instrucciones para personal municipal, dos trípticos sobre mapeos participativos y cartillas de investigación para utilizar en terreno, cartillas de investigación y respuesta, mapa de gran tamaño para realizar el mapeo participativo, y packaging para transportar todas las piezas gráficas.</p>",nuestro-punto-seguro.jpg,
Kits de Ayudar Humanitaria,brigadistas,emergencia,a2,Pilar Molina,2016,José Manuel Allard,Proyecto de Título,,Para las donaciones se generó un sistema de etiquetas de descarga gratuita para poder rotular kits a muy bajo costo. Junto con estas etiquetas se le entra un código cromático a cada kita mediante cintas de embalaje de color.,"<p>La convergencia material, posterior a una emergencia, genera un impacto negativo, ya que llegan grandes masas de donaciones sin identificación gráfica, de las cuales un 50- 70% no tienen prioridad para los afectados, provocando un desfase temporal entre la recepción de donaciones y la entrega de ayuda a los damnificados.</p><p>Kits de Ayuda Humanitaria consiste en un sistema para la gestión de ayuda humanitaria en situaciones de emergencia, compuesto por una estrategia de información para la categorización y rotulado de donaciones materiales a través de kits.</p><p>Su objetivo es optimizar la gestión de donaciones materiales a través de una estrategia de kits con su correcta identificación gráfica, supliendo las necesidades reales de los afectados por una catástrofe natural de manera eficaz.</p><p>De esta forma, los kits de ayuda humanitaria pueden entregarse de 3 maneras: a modo de kit para el abastecimiento oficial en situaciones de emergencia, para el manejo de las donaciones privadas para el abastecimiento estatal y como kits de retail para la auto-preparación y la facilitación de las donaciones. Al emplear kits ya armados en los centros de acopio, también se reducen los tiempos de gestión y organización de los productos.</p>",kitdeayudahumanitaria.jpg,
Contra,brigadistas,emergencia,a2,Cristopher Leiva,2011,Alberto González,Proyecto de Título,,Disminuir el riesgo de sufrir estrés térmico y mejorar movilidad del usuario en el combate de incendios en la misión es la misión de Contra,"<p>Sistema de indumentaria de seguridad para el brigadista que combate incendios forestales, mediante una propuesta de diseño con criterios basados en la combinación de innovación, confort y seguridad.</p><p>Su diseño surgió ante un insuficiente desarrollo de indumentaria de seguridad especializada para brigadistas forestales y la oportunidad de innovar en éstos, conociendo los riesgos asociados que puede provocar una mala implementación de los mismos.</p><p>Contra es un traje que disminuye el riesgo de sufrir estrés térmico y mejora la movilidad del usuario en el combate de incendios forestales, evitando que aumente la temperatura interna del combatiente, mejorando su desempeño en situaciones críticas, gracias a las posibilidades de ajuste, ventilación, separación y visibilidad, entre otras características.</p>",contra.jpg,
DUSKY,brigadistas,emergencia,a2,"M.Jose Coudeu, M. Jesus Prieto, Fernanda Zárate, Alejandra Herrera",2018,"Alejandro Durán, Tomás Velásquez , María Paz Días, Rodrigo Ramirez",Ejercicio de Pregrado,Taller IV,"Lorem ipsum dolor sit amet, consectetur adipiscing elit. Pellentesque luctus dictum laoreet. Praesent vitae sapien vitae tortor gravida aliquet vitae vel diam. ","<p>Lorem ipsum dolor sit amet, consectetur adipiscing elit. Pellentesque luctus dictum laoreet. Praesent vitae sapien vitae tortor gravida aliquet vitae vel diam. Ut varius tortor a libero pharetra ultrices. Interdum et malesuada fames ac ante ipsum primis in faucibus. Cras at justo quis tortor dignissim feugiat non sed augue. Quisque vel lorem consequat est commodo venenatis. Phasellus suscipit elit sapien. Curabitur vitae ultricies elit, eget varius orci. Morbi volutpat, risus in scelerisque porta, metus augue blandit dolor, vel molestie velit est vel risus.</p><p>Donec aliquam malesuada velit. Nam aliquet accumsan orci, eu ultricies dui facilisis feugiat. Vestibulum cursus hendrerit justo, eu viverra purus vehicula in. In hac habitasse platea dictumst. Donec interdum malesuada dolor vel euismod. Duis pellentesque turpis id bibendum tempor. Suspendisse purus erat, ullamcorper vel fringilla quis, dignissim vel turpis. Aenean consectetur sollicitudin erat, eget condimentum eros dignissim quis. Proin a iaculis velit. Nulla maximus elit sed leo posuere laoreet. Sed tincidunt congue turpis nec efficitur. Vestibulum non tristique diam. Fusce mi neque, dapibus a cursus eget, fringilla a nulla.</p>",dusky.jpg,
D-Casket,"brigadistas, voluntarios",emergencia,a2 j2,Antonia Jara,2014,José Manuel Allard,Proyecto de Título,,"Tomando en cuenta la ergonomía y los requerimientos de apilabilidad, transporte y hermetismo, se diseñó un proyecto en base a 2 piezas. Se utilizó como referente directo los envases plásticos de comida, para tener así una perspectiva de estructura laminar embutida por matriz.","<p>Contenedor que facilita el levantamiento, traslado, conservación e inhumación de los cadáveres producto de una catástrofe, que contribuye a la individualización y dignificación de los fallecidos.</p><p>Su diseño estructural, de acero zincado, permite la acción antibactericida del zinc que retarda la putrefacción del cuerpo en hasta 5 días, gracias a la generación de un ambiente herméticamente cerrado y, por otro lado, disminuye la cantidad de recursos que se emplean normalmente en el proceso de manejo de cadáveres, ya que integra en un sólo contenedor las funciones de traslado, cámara de preservación, objeto de almacenaje e inhumación. Además cuenta con un sistema de fichaje que facilita la identificación.</p><p>El D-Casket puede apilarse en uso y desuso, disminuyendo la cantidad de espacio requerido en las salas de stock, mantiene a la comunidad a salvo de los gases tóxicos que liberan los cuerpos y, gracias a su estructura liviana, puede ser trasladado fácilmente por 1, 2, 3, 4, 5 y hasta 6 personas.</p>",d-casket.jpg,
E7-9,"damnificados, vecinos","emergencia, rehabilitación",b2 b3 i2 i3,"Diana Catalán, Sophia López, María Cecilia Suárez, Fernanda Valdebenito",2018,"Alejandro Durán, Rodrigo Ramírez, Tomás Velásquez, María Paz Díaz, Pedro Álvarez, Camila Ríos",Ejercicio de Pregrado,Taller IV,"E7-9 Es un dispositivo que facilita la evacuación en altura en viviendas tipo block. Éste ubica en las ventanas de los departamentos permitiendo el descenso rápido de las personas. Es un objeto liviano, de fácil uso, lavable y de bajo costo.","<p>Este producto se desarrolla entorno a los edificios block ya que este tipo de vivienda, de las que existen 157 villas en la Región Metropolitana, solo cuenta con una escalera principal para todos los usuarios y no tiene un plan de emergencia establecido, por lo que en caso de alguna urgencia en la que se bloquee la escalera, no estarían preparados para actuar y quedarían aislados.</p> p>El producto ya instalado, es usado post emergencia, desplegándolo de los tensores, bajando al piso inferior y luego al inferior a éste, así sucesivamente. Esto gracias a que en este tipo de viviendas se generan lazos cercanos en la comunidad y los vecinos podrían ayudarse entre sí a bajar. La estructura está hecha de tela PVC plegada y plisada haciendo una estructura firme y resistente. Tiene dos columnas con 15 dobleces, y una central de 20 para sostener la mayor cantidad de peso. Los escalones son de 10, dando paso a que el pie de la persona calce cómodamente. </p><p>Este producto proyecta soluciones a largo plazo en cuanto a la seguridad que puede otorgar el producto en el tema de la delincuencia, ya que al usar E7-9 de manera errada se podría entrar a las casas de los vecinos sin su supervisión.</p>",e7-9.jpg,
Wipper,"familia, turistas",preparación,c1 t1,"Romina Pardo, Fernanda Valdebenito, Anamari Casas, María Cecilia Suárez",2018,"Alejandro Durán, Tomás Velásquez , María Paz Días, Rodrigo Ramirez",Ejercicio de Pregrado,Taller IV,"Lorem ipsum dolor sit amet, consectetur adipiscing elit. Pellentesque luctus dictum laoreet. Praesent vitae sapien vitae tortor gravida aliquet vitae vel diam. ","<p>Lorem ipsum dolor sit amet, consectetur adipiscing elit. Pellentesque luctus dictum laoreet. Praesent vitae sapien vitae tortor gravida aliquet vitae vel diam. Ut varius tortor a libero pharetra ultrices. Interdum et malesuada fames ac ante ipsum primis in faucibus. Cras at justo quis tortor dignissim feugiat non sed augue. Quisque vel lorem consequat est commodo venenatis. Phasellus suscipit elit sapien. Curabitur vitae ultricies elit, eget varius orci. Morbi volutpat, risus in scelerisque porta, metus augue blandit dolor, vel molestie velit est vel risus.</p><p>Donec aliquam malesuada velit. Nam aliquet accumsan orci, eu ultricies dui facilisis feugiat. Vestibulum cursus hendrerit justo, eu viverra purus vehicula in. In hac habitasse platea dictumst. Donec interdum malesuada dolor vel euismod. Duis pellentesque turpis id bibendum tempor. Suspendisse purus erat, ullamcorper vel fringilla quis, dignissim vel turpis. Aenean consectetur sollicitudin erat, eget condimentum eros dignissim quis. Proin a iaculis velit. Nulla maximus elit sed leo posuere laoreet. Sed tincidunt congue turpis nec efficitur. Vestibulum non tristique diam. Fusce mi neque, dapibus a cursus eget, fringilla a nulla.</p>",wipper.jpg,
Froggy,familia,preparación,c1,"Belen Hazbun, Dominga Zañartu, Francisca López de Heredia, Macarena Irarrázaval",2018,"Alejandro Durán, Tomás Velásquez , María Paz Días, Rodrigo Ramirez",Ejercicio de Pregrado,Taller IV,"Lorem ipsum dolor sit amet, consectetur adipiscing elit. Pellentesque luctus dictum laoreet. Praesent vitae sapien vitae tortor gravida aliquet vitae vel diam. ","<p>Lorem ipsum dolor sit amet, consectetur adipiscing elit. Pellentesque luctus dictum laoreet. Praesent vitae sapien vitae tortor gravida aliquet vitae vel diam. Ut varius tortor a libero pharetra ultrices. Interdum et malesuada fames ac ante ipsum primis in faucibus. Cras at justo quis tortor dignissim feugiat non sed augue. Quisque vel lorem consequat est commodo venenatis. Phasellus suscipit elit sapien. Curabitur vitae ultricies elit, eget varius orci. Morbi volutpat, risus in scelerisque porta, metus augue blandit dolor, vel molestie velit est vel risus.</p><p>Donec aliquam malesuada velit. Nam aliquet accumsan orci, eu ultricies dui facilisis feugiat. Vestibulum cursus hendrerit justo, eu viverra purus vehicula in. In hac habitasse platea dictumst. Donec interdum malesuada dolor vel euismod. Duis pellentesque turpis id bibendum tempor. Suspendisse purus erat, ullamcorper vel fringilla quis, dignissim vel turpis. Aenean consectetur sollicitudin erat, eget condimentum eros dignissim quis. Proin a iaculis velit. Nulla maximus elit sed leo posuere laoreet. Sed tincidunt congue turpis nec efficitur. Vestibulum non tristique diam. Fusce mi neque, dapibus a cursus eget, fringilla a nulla.</p>",froggy.jpg,
NEKOCHI,familia,"preparación, emergencia",c1 c2,"Felipe Fuentealba, Francisco Pezoa, Josefa Olivares, Teresa Millán",2018,"Alejandro Durán, Tomás Velásquez , María Paz Días, Rodrigo Ramirez",Ejercicio de Pregrado,Taller IV,"Existen varios protocolos para evacuar a las personas en un tsunami. Sin embargo otro tipo de víctimas son invisibilizadas: Las mascotas. Este trabajo se centra en los gatos especíﬁcamente, por lo complejo que resulta tranquilizarlos y subirlos a un transportín, sobretodo en situaciones de alto estrés.","<p>NEKOCHI es un transportador que aborda de forma completa la evacuación. Prepara al dueño y al gato antes de que suceda el evento; propone una nueva forma de transportador y permite que durante el trayecto ambos individuos puedan confortarse y mantenerse seguros.</p><p>Normalmente el producto cumplirá la función de cama. Así estará a la mano en situación de emergencia y se impregnará de feromonas particulares F3 y F4 del gato, éstas hacen identiﬁcar al felino los territorios y objetos que le pertenecen. (La asunción, clínica veterinaria).</p><p>Los gatos se sienten más seguros mientras más superﬁcie rodee su cuerpo y mientras más cercanos estén al dueño. Como este último va abrazando al felino, ambos se calman mutuamente en esta situación de estrés. (Dr.  Burstyn) </p>","nekochi.jpg,nekochi-1.jpg,nekochi-2.jpg,nekochi-3.jpg,nekochi-4.jpg,nekochi-5.jpg,nekochi-6.jpg",
Helena,familia,"preparación, emergencia",c1 c2,"Trinidad Asecio, Javiera Candia, Antonia Carvajal, Magdalena Labarca",2018,"Alejandro Durán, Tomás Velásquez , María Paz Días, Rodrigo Ramirez",Ejercicio de Pregrado,Taller IV,"Lorem ipsum dolor sit amet, consectetur adipiscing elit. Pellentesque luctus dictum laoreet. Praesent vitae sapien vitae tortor gravida aliquet vitae vel diam. ","<p>Lorem ipsum dolor sit amet, consectetur adipiscing elit. Pellentesque luctus dictum laoreet. Praesent vitae sapien vitae tortor gravida aliquet vitae vel diam. Ut varius tortor a libero pharetra ultrices. Interdum et malesuada fames ac ante ipsum primis in faucibus. Cras at justo quis tortor dignissim feugiat non sed augue. Quisque vel lorem consequat est commodo venenatis. Phasellus suscipit elit sapien. Curabitur vitae ultricies elit, eget varius orci. Morbi volutpat, risus in scelerisque porta, metus augue blandit dolor, vel molestie velit est vel risus.</p><p>Donec aliquam malesuada velit. Nam aliquet accumsan orci, eu ultricies dui facilisis feugiat. Vestibulum cursus hendrerit justo, eu viverra purus vehicula in. In hac habitasse platea dictumst. Donec interdum malesuada dolor vel euismod. Duis pellentesque turpis id bibendum tempor. Suspendisse purus erat, ullamcorper vel fringilla quis, dignissim vel turpis. Aenean consectetur sollicitudin erat, eget condimentum eros dignissim quis. Proin a iaculis velit. Nulla maximus elit sed leo posuere laoreet. Sed tincidunt congue turpis nec efficitur. Vestibulum non tristique diam. Fusce mi neque, dapibus a cursus eget, fringilla a nulla.</p>",helena.jpg,
Kit de emergencia para niños,"familias, damnificados","preparación, emergencia",b2 c1 c2 ,Margarita Valenzuela,2010,José Manuel Allard,Ejercicio de Pregrado,Taller VII-VIII,"Kit colaborativo para niños, con la idea de que éstos participen de su armado junto a sus padres","<p>Las emergencias son parte de la realidad chilena, por lo tanto, la información debiese ser incorporada en la educación desde la niñez.</p><p>Desde ahí es que se proyectó este Kit colaborativo para niños, con la idea de que éstos participen de su armado junto a sus padres. Una caja armable con información acerca de los desastres, el plan de acción que se debe tomar en cuenta para cada uno de ellos y una lista de objetos básicos que se debe tener en una emergencia.</p>",kit-emergencia-ninos.jpg,
VECO,"familia, vecinos",preparación,c1 i1,"Florencia González, Jose Ureña, Abril Araneda, Catalina Céspedes",2018,"Alejandro Durán, Tomás Velásquez , María Paz Días, Rodrigo Ramirez",Ejercicio de Pregrado,Taller IV,"Lorem ipsum dolor sit amet, consectetur adipiscing elit. Pellentesque luctus dictum laoreet. Praesent vitae sapien vitae tortor gravida aliquet vitae vel diam. ","<p>Lorem ipsum dolor sit amet, consectetur adipiscing elit. Pellentesque luctus dictum laoreet. Praesent vitae sapien vitae tortor gravida aliquet vitae vel diam. Ut varius tortor a libero pharetra ultrices. Interdum et malesuada fames ac ante ipsum primis in faucibus. Cras at justo quis tortor dignissim feugiat non sed augue. Quisque vel lorem consequat est commodo venenatis. Phasellus suscipit elit sapien. Curabitur vitae ultricies elit, eget varius orci. Morbi volutpat, risus in scelerisque porta, metus augue blandit dolor, vel molestie velit est vel risus.</p><p>Donec aliquam malesuada velit. Nam aliquet accumsan orci, eu ultricies dui facilisis feugiat. Vestibulum cursus hendrerit justo, eu viverra purus vehicula in. In hac habitasse platea dictumst. Donec interdum malesuada dolor vel euismod. Duis pellentesque turpis id bibendum tempor. Suspendisse purus erat, ullamcorper vel fringilla quis, dignissim vel turpis. Aenean consectetur sollicitudin erat, eget condimentum eros dignissim quis. Proin a iaculis velit. Nulla maximus elit sed leo posuere laoreet. Sed tincidunt congue turpis nec efficitur. Vestibulum non tristique diam. Fusce mi neque, dapibus a cursus eget, fringilla a nulla.</p>",veco.jpg,
YGN,"damnificados, familia",emergencia,b2 c2,"Debi Codriansky, Valeria Parraguez, Trinidad Alliende, Javiera González",2018,"Alejandro Durán, Tomás Velásquez , María Paz Días, Rodrigo Ramirez",Ejercicio de Pregrado,Taller IV,Dispositivo que permite a las personas defecar sin necesidad de agua.,"<p>Surge de la necesidad de defecar, acción básica e inevitable, en caso de no tener agua. Si se mantuvieran las heces en el inodoro se correría el riesgo de cultivar alrededor de un millón de bacterias y diez millones de virus presentes en las heces. Para evitar esto, la bolsa biodegradable posee en su interior Cal, lo que ayuda a neutralizar los olores y a acelerar el proceso de degradación de los desechos una vez usada la bolsa. </p><p>Ésta bolsa se adapta al promedio de los inodoros comunes para así mantener la rutina del baño higiénica e intuitivamente, sin embargo también puede ser usado sin el uso de un inodoro pues la base de cartón tiene unas aletas que ayudan a sujetar la bolsa con facilidad al defecar. </p>",ygn.jpg,
MUTU,"damnificados, familia",emergencia,b2 c2,"Tomás Salvador, Andrea Díaz, Valentina Morales",2018,"Alejandro Durán, Tomás Velásquez , María Paz Días, Rodrigo Ramirez",Ejercicio de Pregrado,Taller IV,"Lorem ipsum dolor sit amet, consectetur adipiscing elit. Pellentesque luctus dictum laoreet. Praesent vitae sapien vitae tortor gravida aliquet vitae vel diam. ","<p>Lorem ipsum dolor sit amet, consectetur adipiscing elit. Pellentesque luctus dictum laoreet. Praesent vitae sapien vitae tortor gravida aliquet vitae vel diam. Ut varius tortor a libero pharetra ultrices. Interdum et malesuada fames ac ante ipsum primis in faucibus. Cras at justo quis tortor dignissim feugiat non sed augue. Quisque vel lorem consequat est commodo venenatis. Phasellus suscipit elit sapien. Curabitur vitae ultricies elit, eget varius orci. Morbi volutpat, risus in scelerisque porta, metus augue blandit dolor, vel molestie velit est vel risus.</p><p>Donec aliquam malesuada velit. Nam aliquet accumsan orci, eu ultricies dui facilisis feugiat. Vestibulum cursus hendrerit justo, eu viverra purus vehicula in. In hac habitasse platea dictumst. Donec interdum malesuada dolor vel euismod. Duis pellentesque turpis id bibendum tempor. Suspendisse purus erat, ullamcorper vel fringilla quis, dignissim vel turpis. Aenean consectetur sollicitudin erat, eget condimentum eros dignissim quis. Proin a iaculis velit. Nulla maximus elit sed leo posuere laoreet. Sed tincidunt congue turpis nec efficitur. Vestibulum non tristique diam. Fusce mi neque, dapibus a cursus eget, fringilla a nulla.</p>","mutu.jpg,mutu-1.jpg,mutu-2.jpg,mutu-3.jpg,mutu-4.jpg",
FLIU,"damnificados, familia",emergencia,b2 c2,"Francia Diaz, Felipe Vasquez, Camila Apablaza, Ignacia Vera",2018,"Alejandro Durán, Tomás Velásquez , María Paz Días, Rodrigo Ramirez",Ejercicio de Pregrado,Taller IV,"Lorem ipsum dolor sit amet, consectetur adipiscing elit. Pellentesque luctus dictum laoreet. Praesent vitae sapien vitae tortor gravida aliquet vitae vel diam. ","<p>Lorem ipsum dolor sit amet, consectetur adipiscing elit. Pellentesque luctus dictum laoreet. Praesent vitae sapien vitae tortor gravida aliquet vitae vel diam. Ut varius tortor a libero pharetra ultrices. Interdum et malesuada fames ac ante ipsum primis in faucibus. Cras at justo quis tortor dignissim feugiat non sed augue. Quisque vel lorem consequat est commodo venenatis. Phasellus suscipit elit sapien. Curabitur vitae ultricies elit, eget varius orci. Morbi volutpat, risus in scelerisque porta, metus augue blandit dolor, vel molestie velit est vel risus.</p><p>Donec aliquam malesuada velit. Nam aliquet accumsan orci, eu ultricies dui facilisis feugiat. Vestibulum cursus hendrerit justo, eu viverra purus vehicula in. In hac habitasse platea dictumst. Donec interdum malesuada dolor vel euismod. Duis pellentesque turpis id bibendum tempor. Suspendisse purus erat, ullamcorper vel fringilla quis, dignissim vel turpis. Aenean consectetur sollicitudin erat, eget condimentum eros dignissim quis. Proin a iaculis velit. Nulla maximus elit sed leo posuere laoreet. Sed tincidunt congue turpis nec efficitur. Vestibulum non tristique diam. Fusce mi neque, dapibus a cursus eget, fringilla a nulla.</p>",fliu.jpg,
ZOZ,"damnificados, familia",emergencia,b2 c2,"Florencia Cood, Sofia Cavallini, Francisca Purcell, Josefina Domeyko",2018,"Alejandro Durán, Tomás Velásquez , María Paz Días, Rodrigo Ramirez",Ejercicio de Pregrado,Taller IV,"Lorem ipsum dolor sit amet, consectetur adipiscing elit. Pellentesque luctus dictum laoreet. Praesent vitae sapien vitae tortor gravida aliquet vitae vel diam. ","<p>Lorem ipsum dolor sit amet, consectetur adipiscing elit. Pellentesque luctus dictum laoreet. Praesent vitae sapien vitae tortor gravida aliquet vitae vel diam. Ut varius tortor a libero pharetra ultrices. Interdum et malesuada fames ac ante ipsum primis in faucibus. Cras at justo quis tortor dignissim feugiat non sed augue. Quisque vel lorem consequat est commodo venenatis. Phasellus suscipit elit sapien. Curabitur vitae ultricies elit, eget varius orci. Morbi volutpat, risus in scelerisque porta, metus augue blandit dolor, vel molestie velit est vel risus.</p><p>Donec aliquam malesuada velit. Nam aliquet accumsan orci, eu ultricies dui facilisis feugiat. Vestibulum cursus hendrerit justo, eu viverra purus vehicula in. In hac habitasse platea dictumst. Donec interdum malesuada dolor vel euismod. Duis pellentesque turpis id bibendum tempor. Suspendisse purus erat, ullamcorper vel fringilla quis, dignissim vel turpis. Aenean consectetur sollicitudin erat, eget condimentum eros dignissim quis. Proin a iaculis velit. Nulla maximus elit sed leo posuere laoreet. Sed tincidunt congue turpis nec efficitur. Vestibulum non tristique diam. Fusce mi neque, dapibus a cursus eget, fringilla a nulla.</p>",zoz.jpg,
Propio,"damnificados, familia",emergencia,b2 c2,"Karina Anacona, Jason Aránguiz, Paula Mellado, Catalina Vallejos",2018,"Alejandro Durán, Rodrigo Ramírez, Tomás Velásquez, María Paz Díaz, Pedro Álvarez, Camila Ríos",Ejercicio de Pregrado,Taller IV,"Es una tenso-estructura plegable que cumple la función de separador y organizador para atender los problemas de intimidad y privacidad en situaciones de albergue, creando una barrera psicológica. Está construído en base a textil de PVC, el cual fue trabajado no solo cómo tejido para las caras, sino también como una estructura rígida para el esqueleto.","<p>Ante catástrofes naturales en Chile, muchos hogares resultan destruidos, es por ello que el Estado implementó un plan de refugios provisorios para aquellos afectados. Uno de ellos son los albergues de emergencia, los cuales se montan en edificaciones públicas o privadas y reciben grandes cantidades de familias vulnerables por lo que son comunes las situaciones de hacinamiento. Esto conlleva a una desorganización a nivel estructural que desencadena en situaciones de mayor estrés y ansiedad para aquellos afectados que ya se hallan en un proceso complejo a nivel emocional. </p><p>Dentro de este contexto, Propio logra: Entregar mayor control a los encargados por sobre la población. Estructurar el espacio haciéndolo más confortable para las familias. Facilitar la sanación emocional de los afectados gracias a la sensación de espacio propio e íntimo y la retoma de hábitos de orden. Graduar los niveles de privacidad entre camas. Economizar los gastos del albergue al ser de un material reciclado y duradero. </p><p>Además, Propio en un futuro puede ser utilizado como un método de señalética que permita a los encargados de los albergues clasificar mediante colores a las personas y/o familias en función de sus necesidades, tiempo de estadía, condiciones de salud, entre otras cosas.</p>",propio.jpg,
Misco,familia,emergencia,c2,"Delfina Libcovker, Paula Carter, Amanda Yankovic, Elisa Reyes",2018,"Alejandro Durán, Rodrigo Ramírez, Tomás Velásquez, María Paz Díaz, Pedro Álvarez, Camila Ríos",Ejercicio de Pregrado,Taller IV,"MISCO es una mochila que al desplegarse se transforma en un organizador que optimiza el espacio al utilizar superficies verticales. Tiene distintos compartimentos para almacenar objetos personales, de valor y de uso cotidiano, en caso de evacuación de emergencia se enrolla como mochila, permitiendo al usuario conservar sus pertenencias durante esta.","<p>Está diseñado para ser usado en viviendas dentro de tomas o campamentos, los cuales tienen un espacio muy restringido lo que significa problemas para organizar las pertenencias. Además estas construcciones son precarias e improvisadas, por lo general en zonas de riesgo lo que las hace más propensas a emergencias donde es necesario una evacuación como incendios e inundaciones.</p><p>Considerando que durante la evacuaciones las personas buscan trasladar sus pertenencias lo que muchas veces entorpece el proceso, MISCO soluciona esta problemática facilitando el traslado permitiendo una evacuación más eficiente al estar las pertenencias ya dentro evitando que las personas deban buscar y guardar sus cosas, solo deben enrollar MISCO para convertirlo en mochila lo que toma 30 segundos aproximadamente, considerando el estrés del momento también se puede doblar o arrugar y sigue funcionando.</p><p>Es de tela PVC para que sea impermeable y resistente, protegiendo las cosas de su interior al estar en la intemperie, tiene una capacidad de 57L distribuida en bolsillos de distintos tamaños con broches para cerrarlos, desplegado mide 72cm x 160cm, tiene correas de nylon para colgarlo, transportarlo y cerrarlo, las correas para cerrarlo son ajustables para adaptarse a distintas cantidades.</p>",misco.jpg,
Limpa,"damnificados, familia",emergencia,b2 c2,"Azumi Lobos, Josefina Stuckrath, Silvio Arribas, Francisca Villalón",2018,"Alejandro Durán, Rodrigo Ramírez, Tomás Velásquez, María Paz Díaz, Pedro Álvarez, Camila Ríos",Ejercicio de Pregrado,Taller IV,"Limpa, es un producto desarrollado en un contexto donde el recurso del agua es limitado. Permite lavar prendas interiores o de dimensiones pequeñas con un uso mínimo de agua. Además se convierte en una superficie personal de lavado creando una zona de uso personal.","<p>En un albergue donde no hay mucha agua potable para gastar en el lavado de ropa, se deben priorizar las prendas que sean más importantes, aquellas que protegan la higiene y salud del cuerpo humano. Es decir, la ropa interior, ya que es la primera prenda en contacto con el cuerpo, específicamente en las zonas más sensibles y sucias. Al usar ropa interior limpia se pueden evitar enfermedades genitales, infecciones, heridas en la piel y la propagación del olor corporal. </p><p>Esto cobra más importancia en las mujeres cuyos genitales requieren cambios más frecuentes de la ropa interior.</p><p>Limpa se instala como un producto de uso personal o familiar en los albergues. Tomando en cuenta que el lavado a mano de tres prendas gasta 8 litros aproximadamente, Limpa gasta como máximo 3.6 litros. Además durante su uso permite separar una zona de lavado personal, al de la zona compartida por otras actividades o personas, dando una opción más higiénica para limpiar las prendas íntimas.</p><p>La forma de Limpa, no cierra su uso a prendas interiores ni al contexto albergue, sino que puede ser llevado por ejemplo, a un camping.</p>",limpa.jpg,
Milu,"damnificados, familia",emergencia,b2 c2,"Milena Ujevic, Valentina Valencia, Sofia Hillmann, Javiera Vaccaro",2018,"Alejandro Durán, Rodrigo Ramírez, Tomás Velásquez, María Paz Díaz, Pedro Álvarez, Camila Ríos",Ejercicio de Pregrado,Taller IV,"Lorem ipsum dolor sit amet, consectetur adipiscing elit. Pellentesque luctus dictum laoreet. Praesent vitae sapien vitae tortor gravida aliquet vitae vel diam. ","<p>Es un creador de espacios modular para albergues, versátil a la necesidad que el individuo desee: como el dormir con su familia, la separación del espacio, la privacidad y la recreación.</p><p>Módulos de PVC, compuesto por tres modulos diferentes que pueden unirse mediante amarras para crear distintas estructuras, tanto de descanso como recreación en albergues de emergencia.</p><p>Los usuarios son refugiados en albergues cuya dinámica familiar por una causa mayor se ve interrumpida y deben enfrentar situaciones de vulnerabilidad de manera temporal, en la que pueden haber difíciles relaciones con los otros,por lo que tiene la necesidad construir un espacio más íntimo para su descanso.</p>",milu.jpg,
Nauca,"damnificados, familia",emergencia,b2 c2,"Carla Castillo, Chriss Ramírez, Shuting Zhong, Florencia Valdés",2018,"Alejandro Durán, Rodrigo Ramírez, Tomás Velásquez, María Paz Díaz, Pedro Álvarez, Camila Ríos",Ejercicio de Pregrado,Taller IV,"Nauca, es un urinario público para mujeres, el cual facilita la necesidad de orinar en contextos de emergencia (no tener un baño cerca), a través de la solución de los principales problemas femeninos en éstas situaciones, tales como la falta de privacidad e higiene.","<p>El dispositivo busca proporcionar un espacio seguro para que mujeres puedan orinar en una situación de emergencia donde no existe un baño, tal como sucede después de una catástrofe.</p><p>Considerando el contexto nacional, se decidió abarcar el terremoto como desastre natural, tanto por su habitualidad, como por los daños que éste provoca, dejando a miles de chilenos sin hogar, y viéndose obligados a convivir en espacios comunes, donde los baños que están disponibles no dan a basto.</p><p>Gracias a su forma y ubicación, Nauca proporciona un ambiente seguro para orinar, cuidando la higiene y privacidad de los afectados. Al estar atado a un árbol elegido estratégicamente, brinda un espacio específico para el depósito de desechos y además, gracias al biombo que posee, otorga la privacidad necesaria para descubrir la zona pélvica, cuidando la intimidad de las usuarias.</p><p>En relación a su materialidad, está construido con tela pvc, haciéndolo fácil de instalar, lavar, secar y guardar, y un dispositivo óptimo para un contexto de emergencia.</p>",nauca.jpg,
Canek,familia,emergencia,c2,"Antonia Adell, Maria Jose Rauld, Manuel Vial, Florencia Vicuña",2018,"Alejandro Durán, Rodrigo Ramírez, Tomás Velásquez, María Paz Díaz, Pedro Álvarez, Camila Ríos",Ejercicio de Pregrado,Taller IV,"Canek es un arnés de protección para perros. Permite pasear a la mascota dándole seguridad extra en el cuello Sus características son el cuello reforzado, un agarre para alejar al perro y un sistema de acople rápido y sencillo. Es un producto desarrollado para disminuir las heridas en ataques de perros desconocidos.","<p>Al momento de salir a pasear es importante prevenir los posibles riesgos que pueden generar los encuentros con otros perros, en especial si se torna en un ataque violento, es por esto que canek, permite prevenir estos ataques, protegiendo el área que suelen atacar, el cuello. Se coloca al igual que un arnés y no inmoviliza ni incomoda a la mascota. </p><p>Gracias a su estructura de pvc permite que si un perro ataca la zona del cuello, los colmillos no lleguen a la mascota y resbalen o solo dañen el dispositivo sin generar rasgaduras mayores, además para poder alejar a la mascota del otro perro posee un mango en el lomo que permite alejarlos de manera segura. </p> <p>Canek posee distintos tamaños desde el xs hasta el xl para poder acomodarse a todos los tipos de perros, es fácil de limpiar y de ocupar, con velcro en el cuello que permite mayor adaptabilidad a los distintos tipos de cuellos y cierres tipo tip-tops que hacen fácil su colocación.</p>",canek.jpg,
Locus,"damnificados, familia",emergencia,b2 c2,"Rosario Bonnefoy, Vicente Donoso, Francisca Godoy, Rodrigo Guzmán",2018,"Alejandro Durán, Rodrigo Ramírez, Tomás Velásquez, María Paz Díaz, Pedro Álvarez, Camila Ríos",Ejercicio de Pregrado,Taller IV,"Locus es una superficie transportable aislante del frío, la humedad e irregularidades del suelo. Hecho totalmente de PVC, mediante un entramado de módulos hexagonales de 1,5 cm de ancho que permiten un plegado fácil para cuando no se esté usando y otorgan soporte estructural al tenderse sobre este.","<p>En los últimos años, Sudamérica ha sido sede de una de las mayores crisis migratorias. Miles de personas se ven obligados a dejar sus hogares de manera abrupta, ya sea por motivos políticos o económicos. Esto es lo que se conoce como desplazamiento forzado. Debido a que los primeros y más propensos a verse afectados son habitantes de bajos recursos, los recorridos se caracterizan por ser transitados a pie y con un número reducido de pertenencias que permitan realizar largas caminatas sin caer en el agotamiento.</p><p>Producto de los bajos recursos y pocos elementos, dormir resulta una tarea difícil al no tener un lugar apropiado donde hacerlo, muchas veces quedando expuesto a suelos duros, fríos y húmedos.</p><p>Locus responde a la necesidad de usar algo sobre qué dormir durante estos momentos, sin representar una carga adicional en el trayecto. Gracias a su capacidad de plegado puede pasar de una superficie de 150cm x 50cm a una de 15 cm de grosor. Si bien locus está dirigido a gente en tránsito y que no lo usará permanentemente, se podría extrapolar a otras situaciones como albergues, camping, entre otros.</p>",locus.jpg,
MAT,"damnificados, familia",emergencia,b2 c2,"Ana Galleguillos, Maria Jesús Brito, María Jose Villasante, Aldo González",2018,"Alejandro Durán, Rodrigo Ramírez, Tomás Velásquez, María Paz Díaz, Pedro Álvarez, Camila Ríos",Ejercicio de Pregrado,Taller IV,Mat es una superficie limpia portable para la preparación de alimentos que ofrece 4 áreas de trabajo para las tareas esenciales en el proceso de cocina. Mat asiste en la etapa recuperativa (post-desastre) a la organización y vuelta a la normalidad.,"<p>La superficie Mat responde al desafío de recuperar el espacio de cocina limpio y unificado que pierde la población damnificada tras una emergencia. En este sentido, está dirigido a las familias afectadas luego de incendios forestales y estructurales, ya que son estos eventos frecuentes los que producen mayor daño a la vivienda.</p><p>Considerando el contexto Mat es un producto fabricado con materiales reciclables, con un bajo costo de producción, es desplegable, fácilmente transportable y se reduce a un tamaño de 30 x 40 x 5 (cm). </p> <p>En él se disponen áreas limpias para el lavado y secado de platos y utensilios, el corte de alimentos y un espacio libre a disposición del usuario. A esto se le suman las propiedades propias de la lona reciclada de PVC, que hacen al producto impermeable, fácil de limpiar, y muy resistente a la acción de hongos, bacterias e insectos.</p> <p> Para futuros ajustes se considera añadir un contenedor de residuos en el área de corte para facilitar la limpieza y agilizar el trabajo.</p>",mat.jpg,
Amparo,"damnificados, familia",emergencia,b2 c2,"Loreto Maturana, Francisca Pedreros, Josefina Toro, M. Jesus Viñales",2018,"Alejandro Durán, Rodrigo Ramírez, Tomás Velásquez, María Paz Díaz, Pedro Álvarez, Camila Ríos",Ejercicio de Pregrado,Taller IV,"Amparo es un separador de espacios para ser utilizado en albergues. Permite que las personas puedan tener mayor privacidad y reducir sus niveles de ansiedad debido a la situación en la que se encuentran. Su altura permite que las personas puedan recostarse y aislarse del resto parcialmente, aún pudiendo ser vistos y monitoreados por los encargados del recinto. Además de que cuenta con indicadores gráficos en los laterales del producto, que cooperan con la organización y gestión del albergue.","<p>Los albergues son espacios que se habilitan para recibir personas de una comunidad que haya sido damnificada por alguna catástrofe. Dado que en Chile no existen suficientes espacios con éste fin exclusivo, normalmente se habilitan establecimientos educacionales para cubrir esta necesidad.</p><p>El problema más urgente en pos de la salud mental de las personas dentro del albergue, es el de la privacidad, el cual debe ser tratado con sutileza ya que al aislar demasiado a las personas se puede prestar para situaciones donde se ponga en peligro la integridad de alguien (que no pueda recibir atención en caso de necesitarla ya que no fue visto o ser víctima de algún tipo de abuso).</p><p>El producto busca generar una delimitación en el espacio de las personas, que les permita no ver al resto al estar recostados, pudiendo así aislarse en caso de necesitarlo y poder descansar.</p><p> Además cuenta con indicadores gráficos, que permiten contabilizar a los miembros de un grupo y su situación, si hay alguien con necesidades especiales, lactantes, adultos mayores, embarazadas, heridos o personas enfermas dentro de este.</p>",amparo.jpg,
Mio,"damnificados, familias",emergencia,b2 c2,"Magdalena Garcés, Olivia Garreaud, Josefina Maiza, Isabel Serrano",2016,"Begoña Julia, Juan Cristobal Karich, Raimundo Molina, José Manuel Velez",Ejercicio de Pregrado,Taller IV,"Mio es un producto que permite al usuario cambiarse de ropa, de manera independiente y resguardando su privacidad e intimidad en todo momento","<p>En un contexto de albergues de emergencia, la delimitación de espacios íntimos acontece como una problemática debido a la escacés de estos.</p><p>La privacidad e intimidad entonces se ve profundamente afectada, por lo que acciones básicas como el cambiarse de ropa, se vuelve muy complicado, especialmente para las mujeres. De esta necesidad nace Mio.</p><p>Mio es un producto que permite al usuario cambiarse de ropa, de manera independiente y resguardando su privacidad e intimidad en todo momento. Consiste en un tubo de algodón con un cordón ajustable en uno de sus extremos, que sirve para dar soporte al cambiador, ajustándose tanto a la cintura como al cuello; con bolsillos sin fondo que permiten introducir las manos para quitarse la ropa y una bolsa elástica que sirve de packaging y al mismo tiempo para guardar la ropa interior mientras el usuario está haciendo uso del producto.</p>",mio.jpg,
Aquakit,"damnificados, familia",emergencia,b2 c2,"Teresa Freyhoffer, Paula Melo, Nury Morales, Nicolás Opazo",2016,Alberto González,Ejercicio de Postgrado,Taller de Investigación en Diseño de Productos y Servicios,"Kiit adaptable a una botella de 3 lt retornable, que permite pulverizar agua mediante un mecanismo de bombeo, ahorrando la cantidad de agua total utilizada en situaciones domésticas como lavado de manos, ducha, lavado de platos, entre otros","<p>Aquakit responde a la escasez o falta de agua en situaciones de emergencia ya sea naturales o antrópicas. Consiste en un kit adaptable a una botella de 3 lt retornable, que permite pulverizar agua mediante un mecanismo de bombeo, ahorrando la cantidad de agua total utilizada en situaciones domésticas como lavado de manos, ducha, lavado de platos, entre otros. Se diseñó pensando en ser distribuido en grandes superficies además de poder adaptarlo a cualquier botella de 3 lts de bebida, lo que permite su fácil distribución para llegar a lugares de emergencia e incluso zonas rurales donde aún no hay acceso a agua potable.</p><p>Además de ser portátil, fácil de usar y ahorrar agua –usa 10 veces menos agua que una ducha convencional–, ofrece comodidad al colgar y es adaptable incluso para ser dispuesto de ramas de árboles.</p>",aquakit.jpg,
Pulza,"damnificados, familia","emergencia, mitigación",b2 c2 c4,"Magdalena Proust, Agustin Torrealba, Valeria Segovia, Benjamin Jimenez",2018,"Alejandro Durán, Tomás Velásquez , María Paz Días, Rodrigo Ramirez",Ejercicio de Pregrado,Taller IV,"Lorem ipsum dolor sit amet, consectetur adipiscing elit. Pellentesque luctus dictum laoreet. Praesent vitae sapien vitae tortor gravida aliquet vitae vel diam. ","<p>Lorem ipsum dolor sit amet, consectetur adipiscing elit. Pellentesque luctus dictum laoreet. Praesent vitae sapien vitae tortor gravida aliquet vitae vel diam. Ut varius tortor a libero pharetra ultrices. Interdum et malesuada fames ac ante ipsum primis in faucibus. Cras at justo quis tortor dignissim feugiat non sed augue. Quisque vel lorem consequat est commodo venenatis. Phasellus suscipit elit sapien. Curabitur vitae ultricies elit, eget varius orci. Morbi volutpat, risus in scelerisque porta, metus augue blandit dolor, vel molestie velit est vel risus.</p><p>Donec aliquam malesuada velit. Nam aliquet accumsan orci, eu ultricies dui facilisis feugiat. Vestibulum cursus hendrerit justo, eu viverra purus vehicula in. In hac habitasse platea dictumst. Donec interdum malesuada dolor vel euismod. Duis pellentesque turpis id bibendum tempor. Suspendisse purus erat, ullamcorper vel fringilla quis, dignissim vel turpis. Aenean consectetur sollicitudin erat, eget condimentum eros dignissim quis. Proin a iaculis velit. Nulla maximus elit sed leo posuere laoreet. Sed tincidunt congue turpis nec efficitur. Vestibulum non tristique diam. Fusce mi neque, dapibus a cursus eget, fringilla a nulla.</p>",pulza.jpg,
Fresh Water,"damnificados, familias, vecinos, personas aisladas","preparación, emergencia, mitigación",b2 c2 d2 i2,"Carlos Blamey, Alberto González, Héctor Pino","2014,2015,2016",,Investigación aplicada,,Sistema que captura la micro partícula de agua de la atmósfera para obtener agua purificada,"<p>En el mundo casi dos millones de personas mueren anualmente por falta de agua potable y es probable que en 15 años más, la mitad de la población mundial viva en áreas en las que no habrá suficiente agua para todos. En América Latina y el Caribe, cerca de 34 millones de personas no poseen acceso a fuentes seguras de agua potable y en Chile, alrededor de 540 comunidades rurales, las que albergan a másde 195 mil personas, se encuentran desprovistas de las redes necesariaspara el abastecimiento de agua. Desde esa necesidad es que nace FreshWater, una solución sustentable para la escasez de agua en el mundo que transforma el aire en agua para todos, mediante laaceleración del proceso natural del Ciclo del Agua.</p><p>Este sistema captura la micro partícula de agua de la atmósfera para formar una nube dentro de un dispositivo y provocar lluvia, generando un río al que se incorporan los minerales para obtener agua purificada. FreshWater funciona sólo con conectar el equipo a una fuente eléctrica, o bien, a través de una batería o fuente solar, sin tener la necesidad de conectarse a una red de agua potable.</p><p>Este pozo de agua permanente, gracias a su microcomputador ysensores, proporciona un consumo eficiente de energía, donde una familia obtiene entre 9 a 28 litros de agua purificada al día, sin sodio, preservantes, metales o químicos, al mismo tiempo que aporta a la disminución de la huella hídrica y carbono. Actualmente FreshWater se encuentra implementado en la comunidad de Cachiyuyo, localizada en la Región de Atacama y ha obtenido diversos reconocimientos y fondos. En 2014 obtiene el fondo de Start-Up; en 2015 se adjudican el fondo “Lanzate” de EmprendeFCh, Plataforma de Emprendimiento de Fundación Chile, y CORFO, además de ganar el Premio Avonni en la categoría de Recursos Naturales ARAUCO.</p>",fresh-water.jpg,
Kora,"familia, vecinos",emergencia,c2 i2,"Monserrat Pulgar, Daniela Orellana, Sebastián Pavlovic, Fernando Gajardo",2018,"Alejandro Durán, Rodrigo Ramírez, Tomás Velásquez, María Paz Díaz, Pedro Álvarez, Camila Ríos",Ejercicio de Pregrado,Taller IV,"Kora es una barrera plegable de PVC de sistema modular, que permite impedir el paso del agua y sedimentos a las viviendas para impermeabilizar la casa. Fue desarrollado para ocupar en casa de zonas urbanas en donde las posibilidades de desbordamientos de ríos o canales pueden afectar a las zonas residenciales.","<p>Gran cantidad de ciudades alrededor del mundo fueron construidas con ríos o canales a lo largo de su territorio. Se investigaron los posibles problemas que generan estos, enfocándose principalmente en los desbordamientos. Los principales factores desencadenantes de inundaciones fluviales detectados a lo largo del proyecto están relacionados con diversas causas tales como: precipitaciones persistentes, lluvias intensas de corta duración, fusión de nieve y hielo, descarga de aguas represadas por glaciares, procesos de remoción en masa, rotura de embalses e infraestructura hidráulica y crecidas asociadas a erupciones volcánicas.</p><p>El problema principal, fue que los usuarios como método de prevención de desastre en sus casas, ocupaban sacos de arena de 25 kg aproximadamente otorgados por la municipalidad, pero estos ellos mismos debían ir a buscarlos y ponerlos a disposición en sus casas. </p> <p>Habiendo personas con incapacidades de poder ir a buscarlos y ponerlos en el frontis de sus casas, para poder impedir que entrara el agua y los sedimentos que dañaban aproximadamente un 66% de la casa, dejando electrodomésticos e inmueble dañados e inservibles. Kora, como solución permite que distintas personas puedan transportarlo, ponerlo con facilidad, y al ser modular es compactable y adaptable a cualquier lugar de la casa, tanto en las rejas como en la puerta como se necesite en la casa. </p><p>1) Es modular y adaptable 2) Liviano y de fácil guardado 3) Fácil de limpiar luego del desastre 4) Es de rápido armado y uso en caso de la emergencia 5) Al ser compactable, su distribución es más rápida por parte de la municipalidad.</p>",kora.jpg,
KO,"familias, vecinos",emergencia,c2 i2,Verónica Blanco,2015,Tomás Vivanco,Proyecto de Título,,"KO es una alternativa de dicha móvil que no requiere de un sistema de alcantarillado, debido a su sistema cerrado de reutilización de agua.","<p>KO es un sistema de ducha de emergencia que provee una solución sanitaria inmediata para los damnificados. Fue diseñado para dignificar y mejorar la calidad de vida de los afectados por expulsiones forzosas tras desastres naturales o administrativos.</p><p>Provee módulos de ducha para que una familia entera, de hasta 5 personas, pueda ducharse de manera higiénica y segura durante 14 días con sólo 145 lts de agua limpia, que es reutilizada mediante un complejo sistema de filtros.</p><p>KO está elevado del piso por cuatro ruedas todo terreno. Los suelos húmedos pueden exponer a los usuarios a la suciedad, los gérmenes y el frío. La base con ruedas de KO se adapta a variados tipos de suelo y ambiente (cemento, piedra, arena o pasto) y estas tienen frenos para asegurarla en terrenos inclinados.</p>",ko.jpg,
Rebrote,"familia, trabajadores silvoagropecuarios",rehabilitación,c3 g3,"Camila Azócar, Alejandra Morales, Macarena Silva",2018,"Alejandro Durán, Rodrigo Ramírez, Tomás Velásquez, María Paz Díaz, Pedro Álvarez, Camila Ríos",Ejercicio de Pregrado,Taller IV,"Sistema que estandariza el cultivo hidropónico por sustrato. Conformado por un contenedor plegable de forma hexagonal, dos bolsas con nutrientes para disolver (A y B) y sustrato que se suministra a medida que crece la planta. Desarrollado para reactivar la actividad de las personas que vuelven a su localidad tras un desastre natural.","<p>Luego de una catástrofe en la que se necesitó evacuar a las personas de la zona afectada surge la necesidad, en gran parte de los pobladores, de retornar a su localidad de origen por múltiples razones, entre ellas el gran apego que tienen por sus tierras, sin embargo mantenerse en el lugar de forma estable se presenta como una dificultad.</p><p>Rebrote surge como un sistema que apoya de manera complementaria la autonomía alimentaria de las familias que retornaron a sus localidades. Aportando a la resiliencia de las comunidades que se han vuelto a asentar en sus hogares. Está pensado principalmente para situaciones donde el suelo queda inutilizable por un período de tiempo, da la opción de cultivar dentro del hogar, ya que puede funcionar como invernadero. Una vez maduras las plantas se puede rasgar los costados para ser plantado en la tierra o bien se puede voltear para sacar todo y volver a utilizar.</p>",rebrote.jpg,
Subliminal,familia,preparación,c1 t1,"Ricardo Contesse, Francisca Salomón, Álvaro Santana, Ana Vásquez",2016,Alberto González,Ejercicio de Postgrado,Taller de Investigación en Diseño de Productos y Servicios,"Incorporación de información –a través de ilustraciones– en vasos desechables utilizados cotidianamente, con el objeto de educar de manera subliminal sobre situaciones de emergencia en Chile","<p>Subliminal propone rediseñar la experiencia de informarse/educarse sobre emergencias en las etapas previas a la ocurrencia de un desastre. El proyecto Subliminal, consiste en la incorporación de información –a través de ilustraciones– en vasos desechables utilizados cotidianamente, con el objeto de educar de manera subliminal sobre situaciones de emergencia en Chile y cómo enfrentarlas correctamente.</p><p>Las tres propuestas tienen como objetivo sacar a conversación la temática de desastres naturales en Chile, de distinta manera. Ya sea a través de historias y datos duros de sucesos ocurridos a lo largo de Chile; imágenes panorámicas, casi como de souvenir, o bien utilizando imágenes y un lenguaje más accesible para llegar a una población jóven (niños), con la finalidad de que puedan entender qué son y por qué suceden los desastres naturales.</p>",subliminal.jpg,
El Casco,personas aisladas,"preparación, emergencia",d1 d2 ,"Macarena Alfaro, Fernanda Larraín",2016,"Mariana Kaplún, Zinnia Silva",Ejercicio de Pregrado,Taller VI-VIII,Casco surge de la observación del tiempo de espera que viven los internos en caso de producirse un terremoto,"<p>Realizado en conjunto con los internos del módulo 5 de la cárcel Colina II, Casco surge de la observación del tiempo de espera que viven los internos en caso de producirse un terremoto. Según el protocolo, los internos deben mantenerse resguardados en sus piezas hasta que lleguen los Gendarmes, que son los encargados de ir en su búsqueda. Justamente es pensando en ese lapso de tiempo desprotegidos, que se desarrolló este casco, que busca proteger a los internos de Colina II en caso de terremoto y al mismo tiempo funciona como contenedor colgante.</p><p>Es un casco resistente y amigable con el medio ambiente, hecho a partir de materiales reciclados y presentes en el penal de Colina II, uno de los más grandes del país, cuya población aproximada supera los 2000 internos.</p>",el-casco.jpg,
Hermek,personas aisladas,emergencia,d2,"Maria Angelica Espinosa, Antonia Gonzalez, Camila Aranda, Josefa Ladrón de Guevara",2018,"Alejandro Durán, Rodrigo Ramírez, Tomás Velásquez, María Paz Díaz, Pedro Álvarez, Camila Ríos",Ejercicio de Pregrado,Taller IV,"Hermek es un producto diseñado para prevenir, en un contexto de inundación, el ingreso de agua al interior de los hogares por las puertas mal selladas, sin invadir ésta, ya que se coloca según cuando se necesite. Consta de dos partes, una al interior y otra al exterior de la casa.","<p>En Chile, el 71% de las inundaciones son causadas por precipitaciones, en que las comunas más afectadas y vulnerables de la Región Metropolitana no tienen cómo enfrentar esta problemática de forma efectiva, y son víctimas de esta emergencia, perdiendo muchas veces sus pertenencias, dañando la infraestructura del hogar y con riesgo de contagiarse con el agua contaminada y las enfermedades. Hermek ofrece una oportunidad económica, no invasiva y accesible, para prevenir la nundación al interior del hogar. A través de una pieza inflable tapa el espacio que queda entre la puerta y el suelo, impidiendo que el agua entre. </p><p>Además en la parte externa de la casa, consta con dos pesos de arena para evitar que el producto se mueva y levante con el agua. Unido a esta parte, consta de una tela de pvc con un flotador en su extremo, para que a medida que sube el nivel del agua, este evita que el agua entre por los costados, para poder funcionar en los tamaños de puerta de 75 a 120 cm. Está hecho de tela de pvc, aprovechando sus propiedades de impermeabilidad, soporte a agentes externos y la capacidad de inflarse.</p>",hermek.jpg,
VIVAK,personas aisladas,emergencia,d2,"Valentina Carrasco, Osvaldo Torres, Camila Saldivia",2018,"Alejandro Durán, Rodrigo Ramírez, Tomás Velásquez, María Paz Díaz, Pedro Álvarez, Camila Ríos",Ejercicio de Pregrado,Taller IV,"Vivak es una barrera temporal contra inundaciones en el hogar que se acopla a la pared exterior que bordea la puerta de la casa, evitando el paso indeseado del agua en grandes cantidades al interior del domicilio. Se caracteriza por ser un dispositivo fabricado en su mayoría por material PVC, adaptable a casi todo tipo de puertas, fácil de instalar y remover dado que requiere poco esfuerzo físico, impermeable y lavable lo que permite su reutilización, es fácil de almacenar dado al volumen que ocupa al estar desarmado y trae incorporadas instrucciones autoexplicativas a través de imágenes.","<p>Vivak surge de la problemática que cada invierno, debido a las fuertes lluvias, enfrentan las familias de Cerro Navia: la inundación de viviendas y la pérdida irreparable de pertenencias. Muchas de estas familias son de escasos  recursos, por lo que buscan proteger sus casas, no abandonarlas. En vista de esto, la municipalidad desarrolló el Plan de Invierno, el cual entre otras cosas, entrega sacos de arena a modo preventivo. El problema está en su engorroso uso: gran peso (25kg), gran cantidad necesaria para proteger, baja resistencia al rasgado y, principalmente, la propagación de enfermedades post inundación, puesto que acumulan aguas servidas.</p><p>A raíz de esto, Vivak se presenta como una barrera anti inundaciones ubicada frente a la puerta principal del hogar. Gracias a 8 tornillos apernados a la pared evita que pase una gran cantidad de agua hacia el interior gracias a un sistema de presión, pero que a la vez permite abrir la puerta y no quedar aislado en la emergencia. Luego de esta, se retira el producto y se guarda como un porta planos para usarse la próxima vez. </p><p>Proyecciones: distribución por parte de las municipalidades a todas las comunas que históricamente sufren de inundaciones cada año.</p>",vivak.jpg,
INOX,"familia, recién nacidos",emergencia,c2 f2,"Amanda González, Fernanda Flores, María José Codeu, Catalina Rodríguez",2018,"Alejandro Durán, Rodrigo Ramírez, Tomás Velásquez, María Paz Díaz, Pedro Álvarez, Camila Ríos",Ejercicio de Pregrado,Taller IV,"Inox es un dispositivo que se acopla a los inhaladores utilizados por las personas que sufren de asma. Éste permite que las partículas del remedio se dispersen en su interior y el remedio se absorba mejor, pero con la cualidad de ser pequeño y fácilmente transportable.","<p>El asma es una enfermedad que afecta a las vías respiratorias, dificultando e incluso imposibilitando la respiración. En un ataque de asma el afectado debe inhalar un remedio con un inhalador, pero se llega a perder hasta el 80% de la dosis si no se usa con una aerocámara. Estas permiten que las partículas del remedio se dispersen en su interior y el remedio se absorba bien, pero muchas personas asmáticas no portan su aerocámara debido a su gran tamaño de hasta 20cm. </p> <p>Con Inox se resuelve este problema ya que es un dispositivo que se adosa al inhalador y se plega sobre éste para que sean una pieza conjunta, pequeña ya que plegado es levemente más grande que el inhalador, transportable y fácil de desplegar y utilizar al tener un ataque de asma. Además, al ser de pvc, es fácil de lavar y puede ser reutilizado.</p>",inox.jpg,
Sistema de indentificadores Aéreos,"vecinos, personas aisladas",emergencia,d2 i2,José Manuel Allard,2016,,Investigación aplicada,,"Este proyecto busca de una manera simple y directa, identificar la ubicación de zonas seguras, sobre todo, pensando en turistas que desconocen el lugar","<p>Experiencias previas y recientes simulacros de evacuación de tsunami han permitido constatar que muchas personas no logran reconocer puntos de encuentro, desplazándose varios kilómetros más de los necesarios, lo que resulta muy sensible para niños, adultos mayores y la población con movilidad reducida.</p><p>Complementario a las sirenas y las señaléticas oficiales, se propone un sistema de identificadores aéreos que se activen ante la alerta de un tsunami facilitando la ubicación de los puntos de encuentro más cercanos.</p><p>El sistema consiste en contenedores, instalados en los puntos definidos por las autoridades locales, los cuales estarán conectados a las sirenas de alerta temprana o contarán con sensores de movimiento que permitan activar un dispositivo que eyecta automáticamente un globo aerostático.</p><p>El globo estará enlazado al contenedor en tierra a una altura que permita su reconocimiento a distancia, y guiar a la población a los puntos de encuentro durante su evacuación.</p>",foto-pag13.png,
Troda,personas con movilidad reducida,"emergencia, preparación",e1 e2,"Silvio Arribas, Maria Victoria Ferrer, Leslie Muñoz, Fernanda Rios",2018,"Alejandro Durán, Tomás Velásquez , María Paz Días, Rodrigo Ramirez",Ejercicio de Pregrado,Taller IV,"Lorem ipsum dolor sit amet, consectetur adipiscing elit. Pellentesque luctus dictum laoreet. Praesent vitae sapien vitae tortor gravida aliquet vitae vel diam. ","<p>Lorem ipsum dolor sit amet, consectetur adipiscing elit. Pellentesque luctus dictum laoreet. Praesent vitae sapien vitae tortor gravida aliquet vitae vel diam. Ut varius tortor a libero pharetra ultrices. Interdum et malesuada fames ac ante ipsum primis in faucibus. Cras at justo quis tortor dignissim feugiat non sed augue. Quisque vel lorem consequat est commodo venenatis. Phasellus suscipit elit sapien. Curabitur vitae ultricies elit, eget varius orci. Morbi volutpat, risus in scelerisque porta, metus augue blandit dolor, vel molestie velit est vel risus.</p><p>Donec aliquam malesuada velit. Nam aliquet accumsan orci, eu ultricies dui facilisis feugiat. Vestibulum cursus hendrerit justo, eu viverra purus vehicula in. In hac habitasse platea dictumst. Donec interdum malesuada dolor vel euismod. Duis pellentesque turpis id bibendum tempor. Suspendisse purus erat, ullamcorper vel fringilla quis, dignissim vel turpis. Aenean consectetur sollicitudin erat, eget condimentum eros dignissim quis. Proin a iaculis velit. Nulla maximus elit sed leo posuere laoreet. Sed tincidunt congue turpis nec efficitur. Vestibulum non tristique diam. Fusce mi neque, dapibus a cursus eget, fringilla a nulla.</p>",troda.jpg,
PreMed,personas con movilidad reducida,emergencia,e2,"Cris Alfaro, Diana Catalán, Karina Galaz, Ramón Molina",2018,"Alejandro Durán, Tomás Velásquez , María Paz Días, Rodrigo Ramirez",Ejercicio de Pregrado,Taller IV,"Lorem ipsum dolor sit amet, consectetur adipiscing elit. Pellentesque luctus dictum laoreet. Praesent vitae sapien vitae tortor gravida aliquet vitae vel diam. ","<p>Lorem ipsum dolor sit amet, consectetur adipiscing elit. Pellentesque luctus dictum laoreet. Praesent vitae sapien vitae tortor gravida aliquet vitae vel diam. Ut varius tortor a libero pharetra ultrices. Interdum et malesuada fames ac ante ipsum primis in faucibus. Cras at justo quis tortor dignissim feugiat non sed augue. Quisque vel lorem consequat est commodo venenatis. Phasellus suscipit elit sapien. Curabitur vitae ultricies elit, eget varius orci. Morbi volutpat, risus in scelerisque porta, metus augue blandit dolor, vel molestie velit est vel risus.</p><p>Donec aliquam malesuada velit. Nam aliquet accumsan orci, eu ultricies dui facilisis feugiat. Vestibulum cursus hendrerit justo, eu viverra purus vehicula in. In hac habitasse platea dictumst. Donec interdum malesuada dolor vel euismod. Duis pellentesque turpis id bibendum tempor. Suspendisse purus erat, ullamcorper vel fringilla quis, dignissim vel turpis. Aenean consectetur sollicitudin erat, eget condimentum eros dignissim quis. Proin a iaculis velit. Nulla maximus elit sed leo posuere laoreet. Sed tincidunt congue turpis nec efficitur. Vestibulum non tristique diam. Fusce mi neque, dapibus a cursus eget, fringilla a nulla.</p>",premed.jpg,
APA,"familias, personas con movilidad reducida, voluntarios",emergencia,c2 e2 j2,"Bianca Valladares, Maverick Marín, Rosario Acha, Rebeka Gallardo",2018,"Alejandro Durán, Tomás Velásquez , María Paz Días, Rodrigo Ramirez",Ejercicio de Pregrado,Taller IV,"Es un producto de emergencia, enfocado en dar una nueva alternativa a las familias vulnerables, para el traslado de algún integrante que presente movilidad reducida en sus extremidades.","<p>Lorem ipsum dolor sit amet, consectetur adipiscing elit. Pellentesque luctus dictum laoreet. Praesent vitae sapien vitae tortor gravida aliquet vitae vel diam. Ut varius tortor a libero pharetra ultrices. Interdum et malesuada fames ac ante ipsum primis in faucibus. Cras at justo quis tortor dignissim feugiat non sed augue. Quisque vel lorem consequat est commodo venenatis. Phasellus suscipit elit sapien. Curabitur vitae ultricies elit, eget varius orci. Morbi volutpat, risus in scelerisque porta, metus augue blandit dolor, vel molestie velit est vel risus.</p><p>Donec aliquam malesuada velit. Nam aliquet accumsan orci, eu ultricies dui facilisis feugiat. Vestibulum cursus hendrerit justo, eu viverra purus vehicula in. In hac habitasse platea dictumst. Donec interdum malesuada dolor vel euismod. Duis pellentesque turpis id bibendum tempor. Suspendisse purus erat, ullamcorper vel fringilla quis, dignissim vel turpis. Aenean consectetur sollicitudin erat, eget condimentum eros dignissim quis. Proin a iaculis velit. Nulla maximus elit sed leo posuere laoreet. Sed tincidunt congue turpis nec efficitur. Vestibulum non tristique diam. Fusce mi neque, dapibus a cursus eget, fringilla a nulla.</p>",apa.jpg,
FS-17,personas con movilidad reducida,emergencia,e2,"Agustina Irarrázaval, Tomás Gómez, Vicente Palma, Ignacio Soffia",2018,"Alejandro Durán, Tomás Velásquez , María Paz Días, Rodrigo Ramirez",Ejercicio de Pregrado,Taller IV,"Lorem ipsum dolor sit amet, consectetur adipiscing elit. Pellentesque luctus dictum laoreet. Praesent vitae sapien vitae tortor gravida aliquet vitae vel diam. ","<p>Lorem ipsum dolor sit amet, consectetur adipiscing elit. Pellentesque luctus dictum laoreet. Praesent vitae sapien vitae tortor gravida aliquet vitae vel diam. Ut varius tortor a libero pharetra ultrices. Interdum et malesuada fames ac ante ipsum primis in faucibus. Cras at justo quis tortor dignissim feugiat non sed augue. Quisque vel lorem consequat est commodo venenatis. Phasellus suscipit elit sapien. Curabitur vitae ultricies elit, eget varius orci. Morbi volutpat, risus in scelerisque porta, metus augue blandit dolor, vel molestie velit est vel risus.</p><p>Donec aliquam malesuada velit. Nam aliquet accumsan orci, eu ultricies dui facilisis feugiat. Vestibulum cursus hendrerit justo, eu viverra purus vehicula in. In hac habitasse platea dictumst. Donec interdum malesuada dolor vel euismod. Duis pellentesque turpis id bibendum tempor. Suspendisse purus erat, ullamcorper vel fringilla quis, dignissim vel turpis. Aenean consectetur sollicitudin erat, eget condimentum eros dignissim quis. Proin a iaculis velit. Nulla maximus elit sed leo posuere laoreet. Sed tincidunt congue turpis nec efficitur. Vestibulum non tristique diam. Fusce mi neque, dapibus a cursus eget, fringilla a nulla.</p>",fs-17.jpg,
Plego,personas con movilidad reducida,emergencia,e2,"Antonia Barberis, Benjamin Becerra, Paula Escovedo, Joaquin Vial",2018,"Alejandro Durán, Rodrigo Ramírez, Tomás Velásquez, María Paz Díaz, Pedro Álvarez, Camila Ríos",Ejercicio de Pregrado,Taller IV,"PLEGO es un dispositivo protector de lluvia para sillas de ruedas eléctricas, acoplable a la misma de manera preventiva ante la posibilidad o temporada de lluvias.","<p>En Chile hay 2.836.818 personas desde los dos años en adelante con discapacidad. Del total de esta población, un 36,9% presenta dificultades de tipo físicas y/o motoras. Para ellos la integración a un puesto de trabajo representa el punto más alto de una participación social que comienza desde la educación, donde el 48,6% de personas con discapacidad físico motora ha completado todos los niveles educacionales, considerando aquí la básica, media y superior. </p><p>Dentro del contexto de personas con discapacidad físico motora en el país, la situación clave que nos llamó fue la dificultad que conlleva el moverse de forma autónoma en situaciones de lluvia. La oportunidad que encontramos fue eliminar esta situación disruptiva para una movilidad sin problemas bajo este factor climático.</p>",plego.jpg,
Nidal,recién nacidos,emergencia,f2,"Isidora Blanch, Celeste Castillo, Angie Muzard, Sofia Persico",2018,"Alejandro Durán, Tomás Velásquez , María Paz Días, Rodrigo Ramirez",Ejercicio de Pregrado,Taller IV,"Lorem ipsum dolor sit amet, consectetur adipiscing elit. Pellentesque luctus dictum laoreet. Praesent vitae sapien vitae tortor gravida aliquet vitae vel diam. ","<p>Lorem ipsum dolor sit amet, consectetur adipiscing elit. Pellentesque luctus dictum laoreet. Praesent vitae sapien vitae tortor gravida aliquet vitae vel diam. Ut varius tortor a libero pharetra ultrices. Interdum et malesuada fames ac ante ipsum primis in faucibus. Cras at justo quis tortor dignissim feugiat non sed augue. Quisque vel lorem consequat est commodo venenatis. Phasellus suscipit elit sapien. Curabitur vitae ultricies elit, eget varius orci. Morbi volutpat, risus in scelerisque porta, metus augue blandit dolor, vel molestie velit est vel risus.</p><p>Donec aliquam malesuada velit. Nam aliquet accumsan orci, eu ultricies dui facilisis feugiat. Vestibulum cursus hendrerit justo, eu viverra purus vehicula in. In hac habitasse platea dictumst. Donec interdum malesuada dolor vel euismod. Duis pellentesque turpis id bibendum tempor. Suspendisse purus erat, ullamcorper vel fringilla quis, dignissim vel turpis. Aenean consectetur sollicitudin erat, eget condimentum eros dignissim quis. Proin a iaculis velit. Nulla maximus elit sed leo posuere laoreet. Sed tincidunt congue turpis nec efficitur. Vestibulum non tristique diam. Fusce mi neque, dapibus a cursus eget, fringilla a nulla.</p>",nidal.jpg,
Caco,recién nacidos,emergencia,f2,"Josefina Maige, Belén Pino, Daniela Quinteros",2018,"Alejandro Durán, Rodrigo Ramírez, Tomás Velásquez, María Paz Díaz, Pedro Álvarez, Camila Ríos",Ejercicio de Pregrado,Taller IV,Caco es un cargador cuna portátil para lactante de uso cotidiano que facilita el escape con el bebé ante una eventual emergencia. Cuenta con un compartimento inferior que permite el guardado de artículos necesarios y la mantención de un ángulo de seguridad al posarlo en el piso.,"<p>Producto pensado para su uso antes y durante una emergencia que exija la evacuación de la vivienda y por tanto impida el acceso a elementos de confort que permiten la supervivencia de un lactante.</p> <p>Los requerimientos básicos son la necesidad de higiene, temperatura y seguridad, con énfasis en la correcta postura del bebé, dada por dormir de espalda para evitar la muerte súbita y una inclinación para evitar asfixia por reflujo.</p> <p>El uso de PVC permite tener una superficie fácil de limpiar, además que sus propiedades aislantes mantienen al lactante a una temperatura adecuada.</p><p>La estructura interna y altura otorgada por el fuelle del compartimento inferior permite inclinar al lactante de forma segura al apoyar el producto sobre una superficie.</p><p>Por último, dos alas aseguran la posición del bebé ubicándose bajo sus brazos para evitar el deslizamiento.</p><p>Como proyección se potenciaría la estabilidad del producto estructurando el fuelle del compartimento inferior, y usando una correa más ancha para evitar el volcamiento durante la carga.</p>",caco.jpg,
Wako,recién nacidos,emergencia,f2,"Luciano Caprile, Betina Hip, Javier Ramirez, Francisca Torres",2018,"Alejandro Durán, Rodrigo Ramírez, Tomás Velásquez, María Paz Díaz, Pedro Álvarez, Camila Ríos",Ejercicio de Pregrado,Taller IV,"Wako es un espacio de higiene para albergues de emergencia. Busca una solución rápida y efectiva para madres y padres que no cuentan con un lugar seguro y cómodo para limpiar a su hijo menor a 1 año. Sus cualidades son: Plegabilidad, durabilidad, impermeabilidad y portabilidad.","<p>Este producto se ubica en el contexto post-emergencia, considerando que tras una catástrofe está la posibilidad de que las familias no vuelvan a sus hogares. El problema es lo poco preparados que están los albergues para solucionar la higiene y las demandas ergonómicas de bebés, obligando a padres a bañar a sus hijos en duchas, baldes o limpiando por partes. </p> <p>Lo fundamental es asear el área inferior del infante, siendo esta un constante punto de atención debido a la humedad generada por orina, sudor y acumulación de heces. Así es como Wako aparece para dar un lugar de higiene propio y poder solucionar los requerimientos del hijo/a. Es un producto que se puede comprimir para su fácil transporte, además de constar de un armado rápido para enjuagar (no bañar) al niño con la cantidad aproximada de 1 litro de agua, entendiendo que es lo requerido para mantener la higiene del infante en caso de emergencia. </p> <p>Como proyecciones para el producto, comprendiendo que es producido con PVC reciclado y con 3 capas para evitar fugas de agua y aportar resistencia, sería necesario un sello que indique que está sanitizado, para así inspirar confianza y seguridad a los padres que la utilizarían.</p>",wako.jpg,
Arruca,recién nacidos,emergencia,f2,"Josefina Peirano, Camila Osorio, Sofia Flores, Bernardita Hoffmann",2018,"Alejandro Durán, Rodrigo Ramírez, Tomás Velásquez, María Paz Díaz, Pedro Álvarez, Camila Ríos",Ejercicio de Pregrado,Taller IV,Arruca es un producto que busca proporcionar un espacio para el descanso de bebés en albergues. Permite entregarle a madres y padres en situación de evacuación un lugar para que sus bebés de hasta 1 año puedan dormir y estar durante el día y la noche.,"<p>Uno de los problemas principales de los albergues es la falta de espacio para dormir y la escasez de implementos para bebés. Muchas veces se practica colecho que se da cuando los progenitores deben dormir con el bebé en el mismo espacio produciéndose el riesgo de asfixiar al bebé.</p><p>Es por esto que se crea arruca, un producto que le entrega una superficie a los padres para poder darle un lugar a sus bebés para dormir y estar durante el día y la noche.</p><p>Arruca toma como referente a la cuna tradicional y es por esto que sus paredes permiten atacar el colecho de forma directa. El producto intenta encontrar un equilibrio entre la calidad y la accesibilidad. Su bajo costo de producción permite que sea un producto de amplio acceso y su rápida fabricación permite atacar emergencias de manera rápida y efectiva.</p>",arruca.jpg,
Baby Pro-Tek,recién nacidos,emergencia,f2,Loreto Della Maggiora,2015,Tomás Vivanco,Proyecto de Título,,"Baby Pro-Tek está diseñador para proteger al recién nacido, aislando de temperaturas no apropiadas para su desarrolllo y de ambientes insalubres en caso de catástrofe","<p>Los recién nacidos se encuentran vulnerables de forma imprevista dentro del contexto insalubre que rodea la catástrofe. Los cambios de temperatura y las infecciones que abundan son las principales amenazas a los que se ven expuestos, al encontrarse desprovistos de un sistema inmune y termorregulador suficientemente maduros.</p><p>Baby Pro-Tek es un sistema protector que aísla al recién nacido de temperaturas no apropiadas para su desarrollo y de ambientes insalubres en caso de catástrofe, con el fin de lograr mantener con vida al recién nacido y así disminuir el índice de mortalidad infantil post catástrofe en Chile.</p><p>Está confeccionado en base a un siliconado acolchado, hipora lite rip-stop, poliéster, thermashell y thermaheat, permitiendo reflectar los rayos infrarrojos que emite nuestro cuerpo y, con eso, conservar e incrementar la temperatura en un 20% al interior.</p>",baby-protek.jpg,
Dagán,silvoagropecuaria,"emergencia, mitigación",g2 g4,"Josefina Cerda, Ignacia González, Tere Joannon, Isidora Morandé",2018,"Alejandro Durán, Rodrigo Ramírez, Tomás Velásquez, María Paz Díaz, Pedro Álvarez, Camila Ríos",Ejercicio de Pregrado,Taller IV,"Dagán es un cobertor de hortalizas bajas para huertos familiares de autoconsumo. Este sirve para proteger las hortalizas de las heladas, ya que la tela de pvc permite mantener calor y humedad sobre estas durante la noche. Está fabricado principalmente de tela de PVC reutilizada, la cual es impermeable, aislante térmico, altamente resistente a fuertes vientos, golpes y sol; es reciclable y tubos de pvc. Funciona a base de módulos, para poder adaptarlo al largo del huerto necesario para cada familia, por lo que se pueden adquirir extensiones para ir armando un cobertor más grande. Dagán es una solución económica, simple y duradera para el problema.","<p>Nuestro producto abarcaría las hortalizas bajas, que son las más comúnmente consumidas por estas personas. El principal problema que atormenta estos huertos, es la llegada inesperada de las heladas. Las heladas son un fenómeno agro-meteorológico que afecta a muchos en nuestro país, y dentro de estos, a la mayoría de los pequeño agricultores. Estas se producen cuando la temperatura del agua acumulada durante el día baja de los 0oC , por lo que el agua se congela. Las más peligrosas, y también las más comunes en nuestro país son las heladas negras, que ocurren en lugares secos, no hay humedad en el aire y se congela el agua dentro de la planta, pudiendo quemar todos los tejidos de esta, ocasionando su muerte o pérdida de grandes partes, por lo que nos enfocamos principalmente en estas. Este fenómeno ocurre generalmente en invierno, pero últimamente también se están dando en primavera y otoño, denominadas heladas tardías y tempranas respectivamente, donde las tardías son las más dañinas debido a los grandes altos y bajos de temperaturas en primavera. </p><p>Como solución a este problema, nosotras creamos Dagán; el cual es un cobertor de hortalizas bajas para protegerlas de las heladas, el cual es una manera efectiva de cuidar de heladas, y al mismo tiempo económica en comparación con las demás soluciones por lo que se puede describir como una solución económica, simple y duradera.</p><p>Dagán es la mejor opción para el problema de las heladas en pequeños agricultores, ya que, es más duradero que los otros sistemas, es fácil de usar, economiza tiempo y dinero a lo largo del tiempo, ya que dura para muchas temporadas. Además los usados siempre al ser tan débiles, se rasgan y aportan a la acumulacion de plasticos no reutilizados.</p>",dagan.jpg,
ERKO,trabajadores silvoagropecuarios,rehabilitación,g3,"Ignacia Clark, Isidora Morandé, M.José Suárez, M.José Somarriva",2018,"Alejandro Durán, Tomás Velásquez , María Paz Días, Rodrigo Ramirez",Ejercicio de Pregrado,Taller IV,"Lorem ipsum dolor sit amet, consectetur adipiscing elit. Pellentesque luctus dictum laoreet. Praesent vitae sapien vitae tortor gravida aliquet vitae vel diam. ","<p>Lorem ipsum dolor sit amet, consectetur adipiscing elit. Pellentesque luctus dictum laoreet. Praesent vitae sapien vitae tortor gravida aliquet vitae vel diam. Ut varius tortor a libero pharetra ultrices. Interdum et malesuada fames ac ante ipsum primis in faucibus. Cras at justo quis tortor dignissim feugiat non sed augue. Quisque vel lorem consequat est commodo venenatis. Phasellus suscipit elit sapien. Curabitur vitae ultricies elit, eget varius orci. Morbi volutpat, risus in scelerisque porta, metus augue blandit dolor, vel molestie velit est vel risus.</p><p>Donec aliquam malesuada velit. Nam aliquet accumsan orci, eu ultricies dui facilisis feugiat. Vestibulum cursus hendrerit justo, eu viverra purus vehicula in. In hac habitasse platea dictumst. Donec interdum malesuada dolor vel euismod. Duis pellentesque turpis id bibendum tempor. Suspendisse purus erat, ullamcorper vel fringilla quis, dignissim vel turpis. Aenean consectetur sollicitudin erat, eget condimentum eros dignissim quis. Proin a iaculis velit. Nulla maximus elit sed leo posuere laoreet. Sed tincidunt congue turpis nec efficitur. Vestibulum non tristique diam. Fusce mi neque, dapibus a cursus eget, fringilla a nulla.</p>",erko.jpg,
Bee-da,trabajadores silvoaropecuarios,mitigacion,g4,"Camila Espinoza, Javiera Grez, Carolina Pacheco, Mería Jesús Soto-Luque",2016,"Bernardita Figueroa, Joaquín Rosas",Ejercicio de Pregrado,Taller VI,Bee-da permite reforestar el territorio nacional con flora nativa melifera para ayudar a la nutrición de las abejas.,"<p>Las abejas en Chile están muriendo a una tasa fija del 8% anual, producto de la falta de flora melífera que da néctar y polen y permite la nutrición de las abejas. Si la tasa se mantiene, en 15 años será una especie en riesgo de desaparecer en Chile.</p><p>Bee-da busca ayudar a las abejas mediante la reforestación de flora nativa melífera en Chile para aumentar su alimento y detener así su despoblamiento.</p><p>Consiste en pastillas de arcilla roja, fibra de coco y semillas que permiten reforestar el territorio mediante una fácil aplicación en la tierra. Tiene un packaging biodegradable de turba prensada, para enterrar fácilmente junto a la pastilla durante actividades al aire libre. Cada pastilla trae semillas nativas de una zona específica del país, ya sea norte, centro o sur, la cual puede ser plantada en cualquiera de los 14 Parques Nacionales indicados a lo largo de Chile.</p>",bee.jpg,
SOS Chile,extranjeros,preparación,t1,"Xaviar García, Carolina Melo, Nicolás Opazo",2016,Rodrigo Ramírez,Ejercicio de Postgrado,Información Visual,"Sistema de información básica para el usuario extranjero, para enfrentar emergencias de manera preventiva y centralizada, utilizando un lenguaje simple y universal, con el objetivo de empoderar al usuario y que sepa qué hacer ante situaciones de emergencia en nuestro país","<p>SOS Chile propone un sistema de información básica para el usuario extranjero, para enfrentar emergencias de manera preventiva y centralizada, utilizando un lenguaje simple y universal, con el objetivo de empoderar al usuario y que sepa qué hacer ante situaciones de emergencia en nuestro país.</p><p>Antes de su viaje, el usuario avanzado puede navegar en la web y encontrar el sistema central de información básica para enfrentar emergencias SOS Chile. En esta plataforma estará el número central, números específicos para cada tipo de emergencia, información de contacto con embajadas y protocolos básicos de qué hacer frente a ciertas situaciones.</p><p>Durante su vuelo a Chile, el extranjero menos precavido tendrá tiempo y disposición para recibir información, lo que permite familiarizarlo con el sistema SOS, además de entregarle información preventiva sobre cómo enfrentar emergencias en el país. En su llegada al aeropuerto, el extranjero recibirá la tarjeta informativa al pasar por Policía Internacional, percibiendo así importancia de recibir esta información.</p><p>Por otra parte, al descargar la aplicación, el usuario podrá comunicarse en forma directa con la central SOS Chile, así como con todos los números de emergencia o recibir información precisa sobre cómo actuar ante una situación de riesgo o desastre natural.</p>",sos.jpg,
Sistema de prevención en zonas costeras,vecinos,"preparación, emergencia, rehabilitación, mitigación",i1 i2 i3 i4 t1 t2,"Andrea Corovic, Valentina Palma, María Jesús Rodríguez, María Fernanda Villouta",2013,"José Manuel Allard, Karen Barbé",Ejercicio de Pregrado,Taller VI,"Sistema de información preventiva que utiliza la parte trasera de las señaléticas urbanas existente para informar, con el objeto de preparar a las personas ante una eventual emergencia.","<p>Sistema de información preventiva que utiliza la parte trasera de las señaléticas urbanas existente para informar, con el objeto de preparar a las personas ante una eventual emergencia.</p><p>El objetivo de esta intervención es que sea un sistema informativo que perdure en el tiempo, con mensajes cortos y claros que sean pertinentes en el contexto en el que están dispuestos y coherentes con la señalética seleccionada para intervenir. Se proyecta que los mensajes sean distribuidos en las calles más transitadas de cada localidad. Con un máximo estimado de dos adhesivos por cuadra.</p>",zonas-costeras.jpg,
RAF,"damnificados, vecinos",emergencia,b2 i2,"María García-Huidobro, Rosario Gonzalez, Rosita Spoerer, Carolina Valdez",2018,"Alejandro Durán, Tomás Velásquez , María Paz Días, Rodrigo Ramirez",Ejercicio de Pregrado,Taller VI,"Los incendio estructural son en lugares de alta densidad de personas como oficinas y departamentos, en donde se da una evacuación masiva.","<p>Con una sola interacción se obtiene esta banda pre humedecida individual durante la emergencia. Puede salvar la vida de los encerrados en incendios mientras no logran evacuar, dándoles mayor tiempo de acción. La banda al estar húmeda logra hacer que el aire caliente que entra, se regule y enfríe por la temperatura del agua.</p>",raf.jpg,
